,sensibilidad,especificidad,precision,f1,exactitud
SVM lineal (RFE+LinearSVC),0.864864864864859,0.9809133008968872,0.07289293849658311,0.13445378151246154,0.9807122877239798
k-NN (RFE+LR),0.844594594594589,0.9976669206870273,0.38580246913580124,0.5296610169487198,0.9974017766230119
Random Forest (RFE+RF),0.7972972972972919,0.9997537956503898,0.8489208633093465,0.822299651567439,0.999403110845827
Árbol (RFE+Árbol),0.7094594594594547,0.9977958848701565,0.35836177474402603,0.47619047619002797,0.9972964432428637
